{"stdev_time": 0.0092200508702520827, "requests": {"640": [["HIV", 4048], ["cancer", 7680], ["diabetes", 8912], ["malaria", 3904], ["lupus", 4160], ["dyslexia", 4768], ["epilepsy", 7552], ["fibromyalgia", 4352], ["pericarditis", 5216], ["angina", 6608], ["anemia", 5344], ["ringworm", 6128], ["polio", 6352], ["gonorrhea", 5920], ["diarrhea", 6560]]}, "avg_time": 0.041840871175130211}